Prop Firm,Acc. Size,Program,Profit Target,Daily Loss,Max Loss,Profit Split,Payout Frequency,Loyalty Pts,Price
ATFunded,25K,2 Steps,8% / 5%,4%,10%,80%,14 Days,223,35.00
Quant Tekel,25K,2 Steps,6% / 6%,4%,8%,80%,14 Days,175,05.00
AquaFunded,25K,3 Steps,6% / 6% / 6%,4%,8%,90%,14 Days,168,57.00
Instant Funding,25K,1 Step,10%,3%,8%,80%,First 14 Days,259,89.00
FundedNext,25K,2 Steps,8% / 4%,4%,8%,80%,First Payout,83,39.00
City Traders Imperium,25K,1 Step,8%,-,5%,80%,First Payout,197,49.00
FXIFY,25K,1 Step,5%,3%,4%,80%,7 Days for First,223,19.00
Funding Traders,25K,1 Step,10%,4%,5%,80%,7 Days,245,39.00
OANDA Prop Trader,25K,2 Steps,8% / 5%,5%,10%,80%,14 Days,230,99.00
CFT,25K,2 Steps,8% / 5%,5%,10%,0%,Payout on Completion,322,95.00
Maven,10K,2 Steps,8% / 5%,4%,8%,80%,10 days,46,4.00
Quant Tekel,10K,2 Steps,6% / 6%,4%,8%,80%,14 days,65,2.00
AquaFunded,10K,2 Steps,8% / 5%,5%,8%,90%,14 days,110,03.00
Instant Funding,10K,2 Steps,10% / 5%,5%,10%,80%,First 14 days,122,9.00
FundedNext,10K,2 Steps,8% / 4%,4%,8%,80%,First withdrawal,35,9.00
City Traders Imperium,10K,2 Steps,10% / 5%,5%,10%,80%,First withdrawal,131,9.00
Fintokei,10K,2 Steps,8% / 6%,5%,10%,80%,14 days,98,€99.00
FXIFY,10K,2 Steps,10% / 5%,4%,10%,80%,First withdrawal,159,9.00
Funding Traders,10K,2 Steps,8% / 5%,6%,12%,80%,7 days,104,9.00
OANDA Prop Trader,10K,2 Steps,8% / 5%,5%,10%,80%,14 days,89,0.00
Alpha Capital,5K,2 Steps,10% / 5%,5%,10%,80%,14 Days,44,0.00
Blueberry Funded,5K,2 Steps,10% / 6%,4%,8%,80%,14 Days,41,2.50
The5ers,5K,2 Steps,8% / 5%,5%,10%,80%,14 Days,15,9.00
FundingPips,5K,2 Steps,6% / 6%,3%,6%,80%,On-request,12,9.00
E8 Markets,5K,2 Steps,8% / 4%,4%,8%,80%,Payout-request,31,9.00
FTMO,100K,2 Steps,10% / 5%,5%,10%,80%,30 Days,173,€540.00
SeacrestFunded,5K,2 Steps,10% / 5%,5%,10%,80%,14 Days,50,8.00
BrightFunded,5K,2 Steps,8% / 5%,5%,10%,80%,First 30 Days,64,5.00
Blue Guardian,100K,2 Steps,8% / 4%,4%,8%,85%,14 Days,574,97.00
For Traders,100K,2 Steps,6% / 6%,3%,8%,80%,14 Days,645,89.00
